id,username,password,firstName,lastName,college,locality,age,hobbies
502,rahul27,,Rahul,Bish,IIT,JJ,19,cricket, TT
501,Rahul_bish29,,Rahul ,Bishnoi,IIT Jodhpur,Jodhpur,19,cricket, reading, swimming
408,ishakapoor408,pass408,Isha,Kapoor,IIT Guwahati,Mumbai,20,Music,Coding,Reading
407,priyagupta407,pass407,Priya,Gupta,IIT Bombay,Chennai,23,Photography,Cricket,Music
406,rahulverma406,pass406,Rahul,Verma,IIT Indore,Mumbai,22,Football,Traveling,Photography
405,ishagupta405,pass405,Isha,Gupta,IIT Roorkee,Kolkata,18,Coding,Traveling,Swimming
404,vikramgupta404,pass404,Vikram,Gupta,IIT Kanpur,Kolkata,19,Traveling,Football,Music
403,vikramsingh403,pass403,Vikram,Singh,IIT Delhi,Hyderabad,19,Traveling,Music,Cricket
402,akashsingh402,pass402,Akash,Singh,IIT Indore,Kolkata,19,Painting,Photography,Cricket
401,vikramgupta401,pass401,Vikram,Gupta,IIT Roorkee,Lucknow,23,Cricket,Coding,Reading
400,rohitpatel400,pass400,Rohit,Patel,IIT Bombay,Jaipur,22,Traveling,Reading,Coding
399,rohitpatel399,pass399,Rohit,Patel,IIT Guwahati,Hyderabad,20,Music,Photography,Coding
398,ananyachopra398,pass398,Ananya,Chopra,IIT Bombay,Chennai,21,Football,Painting,Photography
397,rohitmehta397,pass397,Rohit,Mehta,IIT Bombay,Ahmedabad,21,Swimming,Traveling,Football
396,priyasharma396,pass396,Priya,Sharma,IIT Hyderabad,Kolkata,22,Traveling,Music,Coding
395,arjunreddy395,pass395,Arjun,Reddy,IIT Guwahati,Pune,18,Swimming,Painting,Reading
394,arjunpatel394,pass394,Arjun,Patel,IIT Hyderabad,Hyderabad,22,Reading,Swimming,Photography
393,nehasingh393,pass393,Neha,Singh,IIT Guwahati,Kolkata,23,Reading,Coding,Traveling
392,akashreddy392,pass392,Akash,Reddy,IIT Hyderabad,Pune,18,Football,Cricket,Music
391,ananyakumar391,pass391,Ananya,Kumar,IIT Kanpur,Delhi,18,Reading,Swimming,Coding
390,ananyakumar390,pass390,Ananya,Kumar,IIT Kharagpur,Jaipur,23,Music,Coding,Cricket
389,rahulkapoor389,pass389,Rahul,Kapoor,IIT Delhi,Chennai,23,Swimming,Coding,Football
388,sanyachopra388,pass388,Sanya,Chopra,IIT Madras,Bangalore,22,Football,Cycling,Painting
387,arjunmehta387,pass387,Arjun,Mehta,IIT Hyderabad,Kolkata,18,Football,Painting,Cricket
386,arjunreddy386,pass386,Arjun,Reddy,IIT Delhi,Hyderabad,22,Swimming,Traveling,Reading
385,nehareddy385,pass385,Neha,Reddy,IIT Roorkee,Delhi,20,Traveling,Coding,Music
384,sanyasharma384,pass384,Sanya,Sharma,IIT Guwahati,Mumbai,21,Cycling,Football,Traveling
383,vikramverma383,pass383,Vikram,Verma,IIT Guwahati,Ahmedabad,18,Coding,Music,Cricket
382,rahulchopra382,pass382,Rahul,Chopra,IIT Bhubaneswar,Pune,18,Traveling,Swimming,Cricket
381,rohitchopra381,pass381,Rohit,Chopra,IIT Hyderabad,Lucknow,23,Coding,Football,Cycling
380,akashgupta380,pass380,Akash,Gupta,IIT Bhubaneswar,Delhi,18,Music,Painting,Reading
379,priyasharma379,pass379,Priya,Sharma,IIT Roorkee,Jaipur,19,Reading,Coding,Photography
378,rohitmehta378,pass378,Rohit,Mehta,IIT Bhubaneswar,Delhi,20,Swimming,Football,Coding
377,nehagupta377,pass377,Neha,Gupta,IIT Madras,Delhi,22,Football,Painting,Traveling
376,rohitsharma376,pass376,Rohit,Sharma,IIT Bhubaneswar,Ahmedabad,18,Photography,Cricket,Cycling
375,priyamehta375,pass375,Priya,Mehta,IIT Delhi,Bangalore,23,Music,Cycling,Traveling
374,ananyapatel374,pass374,Ananya,Patel,IIT Roorkee,Jaipur,19,Photography,Music,Reading
373,vikramreddy373,pass373,Vikram,Reddy,IIT Madras,Mumbai,23,Photography,Music,Traveling
372,rahulmehta372,pass372,Rahul,Mehta,IIT Bombay,Chennai,21,Football,Swimming,Reading
371,rohitreddy371,pass371,Rohit,Reddy,IIT Kharagpur,Kolkata,21,Traveling,Music,Photography
370,ananyagupta370,pass370,Ananya,Gupta,IIT Indore,Chennai,19,Traveling,Reading,Painting
369,ishareddy369,pass369,Isha,Reddy,IIT Kanpur,Chennai,19,Cricket,Coding,Photography
368,ananyachopra368,pass368,Ananya,Chopra,IIT Hyderabad,Mumbai,19,Traveling,Music,Cricket
367,ananyakumar367,pass367,Ananya,Kumar,IIT Roorkee,Delhi,22,Football,Cycling,Coding
366,ananyaverma366,pass366,Ananya,Verma,IIT Delhi,Ahmedabad,21,Football,Coding,Traveling
365,rohitkapoor365,pass365,Rohit,Kapoor,IIT Hyderabad,Hyderabad,21,Painting,Swimming,Music
364,vikramkapoor364,pass364,Vikram,Kapoor,IIT Kharagpur,Ahmedabad,19,Coding,Painting,Photography
363,priyachopra363,pass363,Priya,Chopra,IIT Hyderabad,Ahmedabad,18,Coding,Music,Cycling
362,rohitverma362,pass362,Rohit,Verma,IIT Kanpur,Lucknow,22,Music,Football,Cricket
361,priyapatel361,pass361,Priya,Patel,IIT Bombay,Lucknow,21,Cycling,Reading,Swimming
360,sanyachopra360,pass360,Sanya,Chopra,IIT Guwahati,Bangalore,21,Cycling,Photography,Reading
359,ananyasharma359,pass359,Ananya,Sharma,IIT Delhi,Jaipur,22,Photography,Cricket,Traveling
358,rohitpatel358,pass358,Rohit,Patel,IIT Kharagpur,Lucknow,20,Music,Football,Swimming
357,vikramsingh357,pass357,Vikram,Singh,IIT Guwahati,Pune,21,Swimming,Cycling,Coding
356,vikramchopra356,pass356,Vikram,Chopra,IIT Kanpur,Kolkata,20,Coding,Cycling,Photography
355,vikramverma355,pass355,Vikram,Verma,IIT Bombay,Jaipur,22,Cricket,Painting,Reading
354,nehasingh354,pass354,Neha,Singh,IIT Kharagpur,Lucknow,18,Photography,Reading,Swimming
353,ananyachopra353,pass353,Ananya,Chopra,IIT Guwahati,Bangalore,19,Reading,Cricket,Painting
352,ishakapoor352,pass352,Isha,Kapoor,IIT Bombay,Ahmedabad,22,Traveling,Football,Music
351,akashchopra351,pass351,Akash,Chopra,IIT Bhubaneswar,Kolkata,22,Cricket,Reading,Painting
350,rohitgupta350,pass350,Rohit,Gupta,IIT Delhi,Hyderabad,18,Swimming,Football,Reading
349,priyasharma349,pass349,Priya,Sharma,IIT Madras,Ahmedabad,20,Photography,Reading,Swimming
348,nehachopra348,pass348,Neha,Chopra,IIT Delhi,Chennai,18,Reading,Painting,Cricket
347,rohitgupta347,pass347,Rohit,Gupta,IIT Kanpur,Delhi,22,Cricket,Reading,Coding
346,arjunpatel346,pass346,Arjun,Patel,IIT Delhi,Pune,21,Reading,Traveling,Photography
345,nehaverma345,pass345,Neha,Verma,IIT Kanpur,Hyderabad,18,Football,Painting,Traveling
344,vikrampatel344,pass344,Vikram,Patel,IIT Madras,Jaipur,21,Photography,Painting,Reading
343,priyagupta343,pass343,Priya,Gupta,IIT Kanpur,Lucknow,21,Swimming,Football,Painting
342,ananyareddy342,pass342,Ananya,Reddy,IIT Indore,Hyderabad,20,Cricket,Music,Swimming
341,rohitpatel341,pass341,Rohit,Patel,IIT Kanpur,Bangalore,20,Football,Traveling,Reading
340,priyareddy340,pass340,Priya,Reddy,IIT Delhi,Kolkata,20,Cycling,Coding,Music
339,rohitsingh339,pass339,Rohit,Singh,IIT Kharagpur,Pune,22,Swimming,Cricket,Photography
338,nehakapoor338,pass338,Neha,Kapoor,IIT Hyderabad,Kolkata,22,Traveling,Cycling,Photography
337,arjunmehta337,pass337,Arjun,Mehta,IIT Hyderabad,Chennai,23,Music,Cycling,Swimming
336,vikramkumar336,pass336,Vikram,Kumar,IIT Roorkee,Mumbai,23,Photography,Music,Football
335,sanyamehta335,pass335,Sanya,Mehta,IIT Indore,Lucknow,20,Coding,Football,Music
334,akashsingh334,pass334,Akash,Singh,IIT Kanpur,Hyderabad,22,Football,Reading,Cricket
333,sanyakapoor333,pass333,Sanya,Kapoor,IIT Bombay,Jaipur,21,Cycling,Reading,Football
332,akashverma332,pass332,Akash,Verma,IIT Kharagpur,Mumbai,18,Reading,Painting,Music
331,arjunsingh331,pass331,Arjun,Singh,IIT Kharagpur,Mumbai,21,Traveling,Cricket,Photography
330,ishapatel330,pass330,Isha,Patel,IIT Bombay,Hyderabad,19,Cycling,Coding,Photography
329,ishakumar329,pass329,Isha,Kumar,IIT Delhi,Mumbai,21,Reading,Cricket,Swimming
328,ishareddy328,pass328,Isha,Reddy,IIT Indore,Ahmedabad,21,Football,Cycling,Swimming
327,sanyareddy327,pass327,Sanya,Reddy,IIT Bhubaneswar,Jaipur,20,Photography,Cycling,Reading
326,ishakapoor326,pass326,Isha,Kapoor,IIT Indore,Pune,20,Coding,Cricket,Painting
325,ishachopra325,pass325,Isha,Chopra,IIT Roorkee,Hyderabad,23,Traveling,Football,Photography
324,rahulchopra324,pass324,Rahul,Chopra,IIT Bhubaneswar,Ahmedabad,20,Coding,Reading,Cricket
323,priyasharma323,pass323,Priya,Sharma,IIT Roorkee,Pune,18,Painting,Traveling,Coding
322,sanyareddy322,pass322,Sanya,Reddy,IIT Bhubaneswar,Jaipur,19,Reading,Swimming,Music
321,akashsharma321,pass321,Akash,Sharma,IIT Delhi,Kolkata,23,Music,Cycling,Coding
320,sanyakumar320,pass320,Sanya,Kumar,IIT Bombay,Delhi,20,Swimming,Music,Cricket
319,rahulsharma319,pass319,Rahul,Sharma,IIT Kanpur,Jaipur,18,Swimming,Painting,Football
318,vikramsingh318,pass318,Vikram,Singh,IIT Hyderabad,Hyderabad,19,Reading,Football,Swimming
317,akashkumar317,pass317,Akash,Kumar,IIT Delhi,Delhi,19,Traveling,Swimming,Painting
103,ananyapatel103,pass103,Ananya,Patel,IIT Guwahati,Pune,19,Photography,Music,Coding
104,sanyagupta104,pass104,Sanya,Gupta,IIT Delhi,Chennai,23,Swimming,Coding,Music
105,ananyasingh105,pass105,Ananya,Singh,IIT Kharagpur,Delhi,21,Cycling,Coding,Swimming
106,arjunsingh106,pass106,Arjun,Singh,IIT Bombay,Mumbai,18,Music,Painting,Coding
107,rohitmehta107,pass107,Rohit,Mehta,IIT Indore,Hyderabad,20,Traveling,Reading,Cricket
108,priyakapoor108,pass108,Priya,Kapoor,IIT Kharagpur,Delhi,23,Cricket,Football,Traveling
109,priyagupta109,pass109,Priya,Gupta,IIT Madras,Bangalore,21,Coding,Football,Painting
110,ananyachopra110,pass110,Ananya,Chopra,IIT Kanpur,Kolkata,22,Cycling,Football,Reading
111,rohitgupta111,pass111,Rohit,Gupta,IIT Bhubaneswar,Lucknow,22,Reading,Coding,Music
112,ishamehta112,pass112,Isha,Mehta,IIT Bombay,Pune,23,Music,Cricket,Coding
113,ishasingh113,pass113,Isha,Singh,IIT Bombay,Lucknow,23,Cycling,Photography,Reading
114,rohitmehta114,pass114,Rohit,Mehta,IIT Indore,Jaipur,21,Reading,Cricket,Swimming
115,rahulpatel115,pass115,Rahul,Patel,IIT Guwahati,Jaipur,18,Reading,Music,Painting
116,vikramreddy116,pass116,Vikram,Reddy,IIT Hyderabad,Lucknow,19,Music,Coding,Traveling
117,priyapatel117,pass117,Priya,Patel,IIT Bombay,Delhi,20,Reading,Football,Painting
118,rohitsharma118,pass118,Rohit,Sharma,IIT Bombay,Hyderabad,21,Coding,Reading,Football
119,ishaverma119,pass119,Isha,Verma,IIT Bhubaneswar,Chennai,20,Painting,Music,Photography
120,nehasharma120,pass120,Neha,Sharma,IIT Bhubaneswar,Chennai,18,Coding,Swimming,Painting
121,arjunchopra121,pass121,Arjun,Chopra,IIT Roorkee,Lucknow,22,Swimming,Cricket,Photography
122,priyamehta122,pass122,Priya,Mehta,IIT Kharagpur,Bangalore,20,Music,Football,Reading
123,sanyasharma123,pass123,Sanya,Sharma,IIT Madras,Chennai,19,Painting,Swimming,Coding
124,sanyagupta124,pass124,Sanya,Gupta,IIT Roorkee,Kolkata,18,Football,Painting,Music
125,arjungupta125,pass125,Arjun,Gupta,IIT Delhi,Lucknow,23,Cycling,Music,Traveling
126,rohitkapoor126,pass126,Rohit,Kapoor,IIT Madras,Delhi,19,Reading,Cricket,Photography
127,priyasharma127,pass127,Priya,Sharma,IIT Bombay,Mumbai,21,Swimming,Painting,Cycling
128,sanyasharma128,pass128,Sanya,Sharma,IIT Madras,Ahmedabad,19,Photography,Painting,Swimming
129,akashverma129,pass129,Akash,Verma,IIT Kanpur,Kolkata,21,Coding,Music,Photography
130,ishagupta130,pass130,Isha,Gupta,IIT Roorkee,Delhi,20,Coding,Traveling,Painting
131,nehakapoor131,pass131,Neha,Kapoor,IIT Delhi,Hyderabad,21,Painting,Photography,Traveling
132,vikrampatel132,pass132,Vikram,Patel,IIT Bombay,Mumbai,20,Traveling,Swimming,Reading
133,priyagupta133,pass133,Priya,Gupta,IIT Bhubaneswar,Kolkata,23,Reading,Swimming,Cycling
134,sanyapatel134,pass134,Sanya,Patel,IIT Indore,Delhi,21,Photography,Football,Reading
135,ishakapoor135,pass135,Isha,Kapoor,IIT Bombay,Delhi,22,Painting,Reading,Traveling
136,akashverma136,pass136,Akash,Verma,IIT Guwahati,Lucknow,21,Painting,Cricket,Football
137,sanyasingh137,pass137,Sanya,Singh,IIT Delhi,Kolkata,20,Football,Reading,Photography
138,akashsingh138,pass138,Akash,Singh,IIT Madras,Delhi,22,Traveling,Cycling,Painting
139,ananyasingh139,pass139,Ananya,Singh,IIT Kanpur,Lucknow,21,Traveling,Painting,Swimming
140,rohitchopra140,pass140,Rohit,Chopra,IIT Kanpur,Kolkata,22,Cycling,Music,Painting
141,sanyagupta141,pass141,Sanya,Gupta,IIT Delhi,Delhi,20,Traveling,Swimming,Coding
142,vikrammehta142,pass142,Vikram,Mehta,IIT Indore,Lucknow,21,Football,Reading,Music
143,nehasingh143,pass143,Neha,Singh,IIT Bhubaneswar,Delhi,18,Swimming,Traveling,Painting
144,sanyagupta144,pass144,Sanya,Gupta,IIT Kanpur,Jaipur,20,Traveling,Cycling,Music
145,arjungupta145,pass145,Arjun,Gupta,IIT Roorkee,Mumbai,18,Swimming,Music,Reading
146,ananyapatel146,pass146,Ananya,Patel,IIT Indore,Mumbai,19,Painting,Cricket,Coding
147,vikramsingh147,pass147,Vikram,Singh,IIT Delhi,Mumbai,22,Painting,Reading,Photography
148,sanyamehta148,pass148,Sanya,Mehta,IIT Guwahati,Jaipur,21,Traveling,Football,Coding
149,ishasharma149,pass149,Isha,Sharma,IIT Kharagpur,Delhi,19,Swimming,Coding,Photography
150,rohitmehta150,pass150,Rohit,Mehta,IIT Roorkee,Lucknow,22,Painting,Photography,Reading
151,akashsharma151,pass151,Akash,Sharma,IIT Hyderabad,Chennai,19,Coding,Traveling,Music
152,akashpatel152,pass152,Akash,Patel,IIT Indore,Lucknow,23,Music,Football,Reading
153,ishamehta153,pass153,Isha,Mehta,IIT Kharagpur,Bangalore,18,Football,Cricket,Photography
154,priyasharma154,pass154,Priya,Sharma,IIT Kanpur,Kolkata,21,Music,Painting,Cycling
155,sanyagupta155,pass155,Sanya,Gupta,IIT Guwahati,Lucknow,18,Music,Swimming,Painting
156,sanyasingh156,pass156,Sanya,Singh,IIT Bombay,Bangalore,18,Coding,Music,Photography
157,priyapatel157,pass157,Priya,Patel,IIT Kharagpur,Bangalore,20,Painting,Music,Cricket
158,priyagupta158,pass158,Priya,Gupta,IIT Bhubaneswar,Bangalore,23,Reading,Music,Cycling
159,vikramkapoor159,pass159,Vikram,Kapoor,IIT Roorkee,Mumbai,20,Football,Painting,Cycling
160,nehakumar160,pass160,Neha,Kumar,IIT Delhi,Pune,21,Cycling,Swimming,Painting
161,ananyapatel161,pass161,Ananya,Patel,IIT Guwahati,Hyderabad,21,Music,Swimming,Football
162,sanyagupta162,pass162,Sanya,Gupta,IIT Bombay,Hyderabad,20,Coding,Photography,Reading
163,vikramsharma163,pass163,Vikram,Sharma,IIT Bhubaneswar,Hyderabad,21,Football,Traveling,Cricket
164,nehapatel164,pass164,Neha,Patel,IIT Kharagpur,Mumbai,19,Cycling,Cricket,Music
165,sanyareddy165,pass165,Sanya,Reddy,IIT Indore,Delhi,18,Swimming,Cycling,Reading
166,priyasharma166,pass166,Priya,Sharma,IIT Kharagpur,Hyderabad,23,Swimming,Music,Traveling
167,priyapatel167,pass167,Priya,Patel,IIT Delhi,Bangalore,19,Photography,Cycling,Music
168,priyakapoor168,pass168,Priya,Kapoor,IIT Kharagpur,Ahmedabad,23,Photography,Music,Cycling
169,rahulgupta169,pass169,Rahul,Gupta,IIT Bombay,Pune,20,Traveling,Cycling,Coding
170,vikramkapoor170,pass170,Vikram,Kapoor,IIT Hyderabad,Chennai,19,Reading,Cricket,Coding
171,priyamehta171,pass171,Priya,Mehta,IIT Madras,Jaipur,19,Football,Coding,Painting
172,arjunkumar172,pass172,Arjun,Kumar,IIT Madras,Pune,23,Swimming,Coding,Music
173,nehasingh173,pass173,Neha,Singh,IIT Kanpur,Kolkata,22,Coding,Traveling,Music
174,rahulkumar174,pass174,Rahul,Kumar,IIT Kharagpur,Kolkata,20,Football,Reading,Traveling
175,priyagupta175,pass175,Priya,Gupta,IIT Kharagpur,Kolkata,22,Football,Painting,Cricket
176,rohitkumar176,pass176,Rohit,Kumar,IIT Madras,Pune,19,Painting,Reading,Coding
177,arjunkapoor177,pass177,Arjun,Kapoor,IIT Guwahati,Jaipur,18,Photography,Reading,Music
178,ananyasharma178,pass178,Ananya,Sharma,IIT Madras,Pune,22,Traveling,Music,Coding
179,rohitreddy179,pass179,Rohit,Reddy,IIT Madras,Lucknow,23,Coding,Music,Reading
180,rahulsingh180,pass180,Rahul,Singh,IIT Bhubaneswar,Chennai,19,Reading,Traveling,Cricket
181,nehakumar181,pass181,Neha,Kumar,IIT Delhi,Pune,22,Cricket,Cycling,Swimming
182,ishareddy182,pass182,Isha,Reddy,IIT Guwahati,Jaipur,21,Cricket,Photography,Traveling
183,priyakapoor183,pass183,Priya,Kapoor,IIT Kharagpur,Mumbai,23,Reading,Cricket,Cycling
184,arjunsingh184,pass184,Arjun,Singh,IIT Roorkee,Bangalore,20,Painting,Swimming,Cricket
185,nehaverma185,pass185,Neha,Verma,IIT Madras,Delhi,21,Reading,Music,Swimming
186,rahulreddy186,pass186,Rahul,Reddy,IIT Hyderabad,Bangalore,18,Football,Cycling,Swimming
187,akashpatel187,pass187,Akash,Patel,IIT Kanpur,Jaipur,23,Painting,Photography,Cricket
188,akashreddy188,pass188,Akash,Reddy,IIT Kharagpur,Mumbai,20,Swimming,Painting,Football
189,rahulsingh189,pass189,Rahul,Singh,IIT Kharagpur,Delhi,20,Photography,Football,Swimming
190,vikramsharma190,pass190,Vikram,Sharma,IIT Roorkee,Delhi,20,Football,Traveling,Swimming
191,arjunsingh191,pass191,Arjun,Singh,IIT Hyderabad,Pune,22,Cricket,Football,Coding
192,nehapatel192,pass192,Neha,Patel,IIT Hyderabad,Mumbai,22,Swimming,Reading,Coding
193,rohitkumar193,pass193,Rohit,Kumar,IIT Bombay,Delhi,19,Swimming,Football,Cricket
194,akashpatel194,pass194,Akash,Patel,IIT Kanpur,Delhi,18,Coding,Music,Painting
455,arjunsharma455,pass455,Arjun,Sharma,IIT Kanpur,Hyderabad,19,Coding,Cricket,Football
46,priyaverma46,pass46,Priya,Verma,IIT Madras,Bangalore,22,Traveling,Painting,Coding
456,ishakumar456,pass456,Isha,Kumar,IIT Madras,Chennai,21,Music,Traveling,Painting
47,akashreddy47,pass47,Akash,Reddy,IIT Bhubaneswar,Kolkata,20,Coding,Swimming,Music
457,ishagupta457,pass457,Isha,Gupta,IIT Bhubaneswar,Kolkata,20,Traveling,Swimming,Painting
48,rohitreddy48,pass48,Rohit,Reddy,IIT Guwahati,Ahmedabad,22,Reading,Swimming,Photography
458,arjunchopra458,pass458,Arjun,Chopra,IIT Kanpur,Delhi,22,Cricket,Coding,Photography
49,rohitreddy49,pass49,Rohit,Reddy,IIT Bhubaneswar,Hyderabad,19,Painting,Photography,Music
459,akashmehta459,pass459,Akash,Mehta,IIT Indore,Hyderabad,22,Cricket,Photography,Coding
50,arjunchopra50,pass50,Arjun,Chopra,IIT Kanpur,Delhi,21,Reading,Traveling,Music
460,ananyasingh460,pass460,Ananya,Singh,IIT Bombay,Jaipur,23,Football,Cycling,Reading
51,ananyasingh51,pass51,Ananya,Singh,IIT Kharagpur,Jaipur,19,Cycling,Traveling,Cricket
461,priyamehta461,pass461,Priya,Mehta,IIT Bhubaneswar,Hyderabad,18,Cricket,Swimming,Traveling
52,arjunpatel52,pass52,Arjun,Patel,IIT Bhubaneswar,Mumbai,23,Cricket,Painting,Cycling
462,rahulreddy462,pass462,Rahul,Reddy,IIT Bombay,Bangalore,21,Photography,Music,Painting
53,priyareddy53,pass53,Priya,Reddy,IIT Indore,Ahmedabad,20,Painting,Coding,Swimming
463,vikramkumar463,pass463,Vikram,Kumar,IIT Indore,Kolkata,22,Music,Swimming,Photography
54,vikramsharma54,pass54,Vikram,Sharma,IIT Delhi,Hyderabad,20,Music,Painting,Football
464,ishamehta464,pass464,Isha,Mehta,IIT Bombay,Kolkata,18,Reading,Traveling,Swimming
55,nehakumar55,pass55,Neha,Kumar,IIT Kanpur,Bangalore,23,Reading,Cycling,Football
465,sanyachopra465,pass465,Sanya,Chopra,IIT Roorkee,Kolkata,18,Painting,Cricket,Music
56,ishapatel56,pass56,Isha,Patel,IIT Indore,Hyderabad,22,Music,Traveling,Coding
466,akashgupta466,pass466,Akash,Gupta,IIT Indore,Chennai,21,Swimming,Reading,Traveling
57,ananyagupta57,pass57,Ananya,Gupta,IIT Roorkee,Pune,20,Coding,Reading,Swimming
467,priyareddy467,pass467,Priya,Reddy,IIT Hyderabad,Bangalore,23,Swimming,Traveling,Cricket
58,rohitmehta58,pass58,Rohit,Mehta,IIT Madras,Kolkata,23,Football,Painting,Photography
468,priyagupta468,pass468,Priya,Gupta,IIT Roorkee,Chennai,19,Cycling,Traveling,Coding
59,ananyasingh59,pass59,Ananya,Singh,IIT Kharagpur,Jaipur,20,Music,Cricket,Football
469,vikrampatel469,pass469,Vikram,Patel,IIT Bhubaneswar,Mumbai,20,Reading,Cycling,Swimming
60,rohitchopra60,pass60,Rohit,Chopra,IIT Kharagpur,Chennai,18,Reading,Photography,Traveling
470,akashkapoor470,pass470,Akash,Kapoor,IIT Roorkee,Chennai,21,Cricket,Reading,Traveling
61,rahulkapoor61,pass61,Rahul,Kapoor,IIT Kharagpur,Chennai,23,Cricket,Football,Photography
471,priyakapoor471,pass471,Priya,Kapoor,IIT Bombay,Lucknow,20,Photography,Traveling,Cricket
62,arjunverma62,pass62,Arjun,Verma,IIT Indore,Bangalore,23,Music,Painting,Coding
472,rohitkumar472,pass472,Rohit,Kumar,IIT Guwahati,Pune,22,Painting,Cycling,Coding
63,vikramverma63,pass63,Vikram,Verma,IIT Delhi,Pune,18,Swimming,Photography,Coding
473,nehakapoor473,pass473,Neha,Kapoor,IIT Bombay,Ahmedabad,21,Cricket,Coding,Cycling
64,akashverma64,pass64,Akash,Verma,IIT Guwahati,Delhi,18,Reading,Coding,Painting
474,nehasharma474,pass474,Neha,Sharma,IIT Hyderabad,Kolkata,23,Football,Music,Cricket
65,ishachopra65,pass65,Isha,Chopra,IIT Bhubaneswar,Delhi,22,Cycling,Cricket,Coding
475,arjungupta475,pass475,Arjun,Gupta,IIT Bhubaneswar,Chennai,18,Swimming,Music,Cricket
66,vikramverma66,pass66,Vikram,Verma,IIT Indore,Hyderabad,19,Painting,Reading,Swimming
476,rahulkumar476,pass476,Rahul,Kumar,IIT Roorkee,Chennai,18,Reading,Cycling,Swimming
67,sanyamehta67,pass67,Sanya,Mehta,IIT Indore,Chennai,19,Cricket,Reading,Music
477,rohitmehta477,pass477,Rohit,Mehta,IIT Kanpur,Ahmedabad,21,Cricket,Coding,Painting
68,akashchopra68,pass68,Akash,Chopra,IIT Roorkee,Bangalore,20,Reading,Music,Cycling
478,sanyakapoor478,pass478,Sanya,Kapoor,IIT Hyderabad,Ahmedabad,18,Cycling,Photography,Coding
69,ishasharma69,pass69,Isha,Sharma,IIT Hyderabad,Pune,18,Traveling,Coding,Music
491,rahulsharma491,pass491,Rahul,Sharma,IIT Bhubaneswar,Pune,19,Football,Cycling,Photography
82,rahulpatel82,pass82,Rahul,Patel,IIT Guwahati,Chennai,19,Cycling,Swimming,Coding
492,nehapatel492,pass492,Neha,Patel,IIT Indore,Chennai,18,Coding,Traveling,Reading
83,ananyagupta83,pass83,Ananya,Gupta,IIT Guwahati,Jaipur,18,Swimming,Cycling,Photography
493,akashmehta493,pass493,Akash,Mehta,IIT Indore,Jaipur,22,Swimming,Football,Photography
84,rohitreddy84,pass84,Rohit,Reddy,IIT Kharagpur,Lucknow,23,Reading,Swimming,Photography
494,arjunsharma494,pass494,Arjun,Sharma,IIT Delhi,Jaipur,22,Traveling,Reading,Swimming
85,akashmehta85,pass85,Akash,Mehta,IIT Guwahati,Ahmedabad,21,Music,Swimming,Cricket
97,ishasharma97,pass97,Isha,Sharma,IIT Kanpur,Bangalore,18,Coding,Painting,Reading
495,nehasharma495,pass495,Neha,Sharma,IIT Kharagpur,Chennai,21,Swimming,Reading,Football
86,nehakumar86,pass86,Neha,Kumar,IIT Delhi,Chennai,21,Music,Reading,Traveling
98,rohitsingh98,pass98,Rohit,Singh,IIT Hyderabad,Lucknow,19,Reading,Photography,Painting
496,nehareddy496,pass496,Neha,Reddy,IIT Bhubaneswar,Chennai,20,Coding,Traveling,Cycling
87,ishakapoor87,pass87,Isha,Kapoor,IIT Indore,Lucknow,20,Swimming,Cricket,Football
102,rahulkapoor102,pass102,Rahul,Kapoor,IIT Hyderabad,Hyderabad,22,Cycling,Traveling,Football
500,rohitgupta500,pass500,Rohit,Gupta,IIT Hyderabad,Mumbai,23,Coding,Football,Music
91,priyachopra91,pass91,Priya,Chopra,IIT Kanpur,Kolkata,23,Football,Photography,Reading
101,vikramkapoor101,pass101,Vikram,Kapoor,IIT Bombay,Hyderabad,20,Music,Football,Cricket
499,rohitsharma499,pass499,Rohit,Sharma,IIT Kharagpur,Jaipur,21,Cycling,Photography,Cricket
90,rohitkumar90,pass90,Rohit,Kumar,IIT Guwahati,Delhi,20,Cricket,Football,Swimming
100,sanyareddy100,pass100,Sanya,Reddy,IIT Delhi,Chennai,19,Swimming,Cycling,Coding
498,nehakapoor498,pass498,Neha,Kapoor,IIT Bhubaneswar,Chennai,20,Cricket,Painting,Photography
89,rahulkumar89,pass89,Rahul,Kumar,IIT Bhubaneswar,Mumbai,19,Photography,Reading,Painting
99,nehakumar99,pass99,Neha,Kumar,IIT Kanpur,Mumbai,23,Music,Reading,Traveling
497,ananyachopra497,pass497,Ananya,Chopra,IIT Hyderabad,Lucknow,20,Football,Swimming,Cycling
88,vikramverma88,pass88,Vikram,Verma,IIT Roorkee,Chennai,22,Cricket,Reading,Traveling
490,sanyakapoor490,pass490,Sanya,Kapoor,IIT Delhi,Ahmedabad,21,Football,Cricket,Cycling
81,arjunmehta81,pass81,Arjun,Mehta,IIT Kharagpur,Mumbai,20,Reading,Photography,Cricket
489,rahulgupta489,pass489,Rahul,Gupta,IIT Delhi,Ahmedabad,22,Music,Coding,Swimming
80,vikramreddy80,pass80,Vikram,Reddy,IIT Kanpur,Kolkata,18,Swimming,Painting,Photography
198,akashkumar198,pass198,Akash,Kumar,IIT Roorkee,Delhi,23,Photography,Coding,Swimming
488,akashpatel488,pass488,Akash,Patel,IIT Madras,Lucknow,23,Music,Traveling,Photography
79,priyasingh79,pass79,Priya,Singh,IIT Kharagpur,Hyderabad,21,Cycling,Painting,Music
197,rohitgupta197,pass197,Rohit,Gupta,IIT Guwahati,Chennai,22,Painting,Football,Photography
487,priyagupta487,pass487,Priya,Gupta,IIT Kanpur,Mumbai,18,Coding,Cricket,Swimming
78,rahulpatel78,pass78,Rahul,Patel,IIT Guwahati,Hyderabad,22,Cycling,Cricket,Swimming
196,ishamehta196,pass196,Isha,Mehta,IIT Roorkee,Chennai,23,Photography,Music,Swimming
486,vikramreddy486,pass486,Vikram,Reddy,IIT Indore,Chennai,20,Photography,Traveling,Coding
77,nehapatel77,pass77,Neha,Patel,IIT Delhi,Delhi,19,Cycling,Photography,Painting
195,sanyagupta195,pass195,Sanya,Gupta,IIT Bhubaneswar,Delhi,22,Cricket,Football,Painting
485,vikrampatel485,pass485,Vikram,Patel,IIT Madras,Bangalore,20,Reading,Football,Cycling
76,rahulkumar76,pass76,Rahul,Kumar,IIT Guwahati,Ahmedabad,22,Swimming,Painting,Cycling
484,ishakumar484,pass484,Isha,Kumar,IIT Delhi,Mumbai,23,Traveling,Coding,Cricket
75,nehapatel75,pass75,Neha,Patel,IIT Hyderabad,Bangalore,19,Traveling,Football,Painting
483,rahulsingh483,pass483,Rahul,Singh,IIT Kharagpur,Bangalore,20,Swimming,Reading,Cricket
74,nehaverma74,pass74,Neha,Verma,IIT Guwahati,Pune,23,Cycling,Painting,Photography
482,sanyareddy482,pass482,Sanya,Reddy,IIT Indore,Ahmedabad,21,Music,Cycling,Coding
73,rahulgupta73,pass73,Rahul,Gupta,IIT Roorkee,Delhi,19,Photography,Painting,Coding
481,vikramkumar481,pass481,Vikram,Kumar,IIT Hyderabad,Pune,18,Cricket,Music,Reading
72,arjunkumar72,pass72,Arjun,Kumar,IIT Madras,Lucknow,23,Traveling,Music,Reading
480,ananyapatel480,pass480,Ananya,Patel,IIT Bombay,Lucknow,18,Coding,Cricket,Traveling
71,ananyareddy71,pass71,Ananya,Reddy,IIT Bombay,Delhi,21,Cycling,Cricket,Photography
479,ishapatel479,pass479,Isha,Patel,IIT Hyderabad,Chennai,18,Reading,Coding,Music
70,arjunsingh70,pass70,Arjun,Singh,IIT Bombay,Bangalore,20,Swimming,Photography,Cycling
454,ishagupta454,pass454,Isha,Gupta,IIT Delhi,Pune,18,Photography,Football,Coding
45,sanyapatel45,pass45,Sanya,Patel,IIT Kharagpur,Mumbai,19,Cricket,Painting,Traveling
453,ananyapatel453,pass453,Ananya,Patel,IIT Indore,Pune,20,Painting,Music,Coding
44,ishareddy44,pass44,Isha,Reddy,IIT Kanpur,Delhi,23,Traveling,Coding,Reading
452,nehasharma452,pass452,Neha,Sharma,IIT Roorkee,Hyderabad,19,Reading,Cricket,Football
43,sanyapatel43,pass43,Sanya,Patel,IIT Bombay,Kolkata,23,Music,Coding,Painting
451,ananyaverma451,pass451,Ananya,Verma,IIT Hyderabad,Bangalore,23,Reading,Painting,Cycling
42,sanyasingh42,pass42,Sanya,Singh,IIT Kanpur,Lucknow,21,Photography,Traveling,Painting
450,priyareddy450,pass450,Priya,Reddy,IIT Indore,Pune,23,Swimming,Painting,Cricket
41,rahulverma41,pass41,Rahul,Verma,IIT Bombay,Kolkata,18,Music,Cycling,Painting
449,akashsingh449,pass449,Akash,Singh,IIT Madras,Chennai,20,Traveling,Swimming,Coding
40,arjunkumar40,pass40,Arjun,Kumar,IIT Madras,Hyderabad,21,Music,Painting,Cricket
448,ananyasharma448,pass448,Ananya,Sharma,IIT Kharagpur,Chennai,18,Cycling,Coding,Photography
39,ishagupta39,pass39,Isha,Gupta,IIT Madras,Jaipur,20,Reading,Photography,Painting
447,rohitmehta447,pass447,Rohit,Mehta,IIT Bhubaneswar,Mumbai,19,Cricket,Music,Cycling
38,priyakumar38,pass38,Priya,Kumar,IIT Indore,Mumbai,21,Cycling,Photography,Music
446,ishareddy446,pass446,Isha,Reddy,IIT Indore,Kolkata,19,Swimming,Reading,Painting
37,sanyapatel37,pass37,Sanya,Patel,IIT Hyderabad,Mumbai,20,Cycling,Coding,Cricket
445,rohitreddy445,pass445,Rohit,Reddy,IIT Bhubaneswar,Ahmedabad,20,Photography,Football,Cricket
36,nehagupta36,pass36,Neha,Gupta,IIT Kharagpur,Lucknow,23,Photography,Reading,Football
444,sanyapatel444,pass444,Sanya,Patel,IIT Kharagpur,Hyderabad,20,Painting,Cricket,Coding
35,sanyapatel35,pass35,Sanya,Patel,IIT Roorkee,Pune,22,Coding,Cycling,Photography
443,arjunkumar443,pass443,Arjun,Kumar,IIT Guwahati,Hyderabad,19,Cricket,Music,Traveling
34,vikramgupta34,pass34,Vikram,Gupta,IIT Indore,Kolkata,20,Painting,Music,Swimming
442,priyagupta442,pass442,Priya,Gupta,IIT Bombay,Chennai,22,Coding,Swimming,Painting
33,rohitchopra33,pass33,Rohit,Chopra,IIT Kanpur,Delhi,21,Traveling,Cycling,Painting
441,ishasingh441,pass441,Isha,Singh,IIT Kharagpur,Lucknow,22,Cycling,Swimming,Photography
32,sanyagupta32,pass32,Sanya,Gupta,IIT Guwahati,Chennai,21,Cycling,Football,Swimming
440,nehachopra440,pass440,Neha,Chopra,IIT Indore,Jaipur,21,Traveling,Music,Cycling
31,ishamehta31,pass31,Isha,Mehta,IIT Madras,Bangalore,20,Painting,Swimming,Traveling
439,ishachopra439,pass439,Isha,Chopra,IIT Bhubaneswar,Kolkata,18,Coding,Reading,Photography
30,rahulmehta30,pass30,Rahul,Mehta,IIT Indore,Delhi,22,Traveling,Reading,Swimming
438,akashkapoor438,pass438,Akash,Kapoor,IIT Bhubaneswar,Kolkata,18,Photography,Reading,Coding
29,akashkumar29,pass29,Akash,Kumar,IIT Bombay,Kolkata,21,Traveling,Cricket,Music
437,priyasharma437,pass437,Priya,Sharma,IIT Bombay,Chennai,19,Football,Photography,Music
28,sanyachopra28,pass28,Sanya,Chopra,IIT Kharagpur,Lucknow,19,Swimming,Photography,Cricket
436,akashverma436,pass436,Akash,Verma,IIT Bombay,Jaipur,23,Football,Photography,Reading
27,arjunsharma27,pass27,Arjun,Sharma,IIT Kanpur,Lucknow,22,Swimming,Cricket,Music
435,vikramsingh435,pass435,Vikram,Singh,IIT Roorkee,Delhi,21,Photography,Music,Reading
26,arjunsingh26,pass26,Arjun,Singh,IIT Kanpur,Mumbai,19,Coding,Photography,Reading
434,ananyasharma434,pass434,Ananya,Sharma,IIT Madras,Jaipur,19,Cycling,Painting,Cricket
25,ananyagupta25,pass25,Ananya,Gupta,IIT Madras,Chennai,23,Photography,Coding,Cricket
433,priyasingh433,pass433,Priya,Singh,IIT Guwahati,Kolkata,21,Cricket,Reading,Coding
24,akashverma24,pass24,Akash,Verma,IIT Kharagpur,Hyderabad,22,Cycling,Football,Painting
432,akashreddy432,pass432,Akash,Reddy,IIT Madras,Mumbai,23,Swimming,Cycling,Music
23,nehasharma23,pass23,Neha,Sharma,IIT Bhubaneswar,Kolkata,21,Reading,Cricket,Music
431,nehaverma431,pass431,Neha,Verma,IIT Kharagpur,Pune,18,Photography,Traveling,Painting
22,rahulkumar22,pass22,Rahul,Kumar,IIT Hyderabad,Pune,18,Photography,Painting,Cycling
430,rahulgupta430,pass430,Rahul,Gupta,IIT Indore,Pune,23,Photography,Swimming,Painting
21,priyaverma21,pass21,Priya,Verma,IIT Hyderabad,Pune,22,Photography,Music,Reading
429,priyareddy429,pass429,Priya,Reddy,IIT Madras,Ahmedabad,19,Music,Painting,Swimming
20,vikramverma20,pass20,Vikram,Verma,IIT Guwahati,Bangalore,19,Reading,Cycling,Cricket
428,sanyakumar428,pass428,Sanya,Kumar,IIT Bhubaneswar,Hyderabad,23,Traveling,Coding,Reading
19,ananyagupta19,pass19,Ananya,Gupta,IIT Delhi,Ahmedabad,18,Photography,Swimming,Coding
427,akashmehta427,pass427,Akash,Mehta,IIT Guwahati,Bangalore,18,Reading,Cricket,Traveling
18,akashsharma18,pass18,Akash,Sharma,IIT Hyderabad,Pune,22,Painting,Reading,Photography
426,priyareddy426,pass426,Priya,Reddy,IIT Roorkee,Jaipur,18,Coding,Music,Painting
17,akashpatel17,pass17,Akash,Patel,IIT Bombay,Chennai,19,Cricket,Cycling,Photography
425,arjunsingh425,pass425,Arjun,Singh,IIT Indore,Delhi,18,Swimming,Music,Coding
16,ishachopra16,pass16,Isha,Chopra,IIT Kanpur,Bangalore,21,Cricket,Photography,Cycling
424,sanyasingh424,pass424,Sanya,Singh,IIT Guwahati,Ahmedabad,22,Music,Photography,Painting
15,priyapatel15,pass15,Priya,Patel,IIT Madras,Delhi,22,Swimming,Traveling,Painting
423,ishapatel423,pass423,Isha,Patel,IIT Kanpur,Lucknow,20,Painting,Cycling,Swimming
14,vikramreddy14,pass14,Vikram,Reddy,IIT Madras,Bangalore,22,Traveling,Photography,Coding
422,akashchopra422,pass422,Akash,Chopra,IIT Kharagpur,Chennai,18,Coding,Reading,Swimming
13,rahulreddy13,pass13,Rahul,Reddy,IIT Delhi,Kolkata,23,Cricket,Swimming,Cycling
421,ishakapoor421,pass421,Isha,Kapoor,IIT Bombay,Jaipur,18,Traveling,Football,Painting
12,vikramgupta12,pass12,Vikram,Gupta,IIT Delhi,Chennai,22,Coding,Reading,Cricket
420,rahulchopra420,pass420,Rahul,Chopra,IIT Delhi,Ahmedabad,21,Football,Reading,Cycling
11,priyasharma11,pass11,Priya,Sharma,IIT Kharagpur,Kolkata,19,Traveling,Swimming,Cycling
419,arjunpatel419,pass419,Arjun,Patel,IIT Delhi,Lucknow,23,Swimming,Reading,Cricket
10,arjunsingh10,pass10,Arjun,Singh,IIT Kanpur,Delhi,18,Cricket,Reading,Coding
418,ishagupta418,pass418,Isha,Gupta,IIT Madras,Lucknow,23,Painting,Coding,Photography
9,rahulsingh9,pass9,Rahul,Singh,IIT Roorkee,Hyderabad,18,Reading,Swimming,Football
417,arjunkapoor417,pass417,Arjun,Kapoor,IIT Hyderabad,Pune,20,Photography,Cycling,Cricket
8,sanyapatel8,pass8,Sanya,Patel,IIT Kanpur,Jaipur,18,Cycling,Reading,Music
416,rahulreddy416,pass416,Rahul,Reddy,IIT Bombay,Chennai,20,Cricket,Traveling,Painting
7,ishareddy7,pass7,Isha,Reddy,IIT Kanpur,Bangalore,19,Reading,Cricket,Cycling
415,rahulkapoor415,pass415,Rahul,Kapoor,IIT Bhubaneswar,Hyderabad,18,Traveling,Coding,Painting
6,sanyareddy6,pass6,Sanya,Reddy,IIT Madras,Mumbai,20,Photography,Painting,Music
414,ananyakapoor414,pass414,Ananya,Kapoor,IIT Madras,Kolkata,19,Traveling,Painting,Cycling
5,akashchopra5,pass5,Akash,Chopra,IIT Kharagpur,Bangalore,18,Photography,Swimming,Cycling
413,sanyaverma413,pass413,Sanya,Verma,IIT Guwahati,Jaipur,22,Football,Coding,Cricket
4,sanyakumar4,pass4,Sanya,Kumar,IIT Hyderabad,Hyderabad,21,Coding,Photography,Swimming
412,vikramkumar412,pass412,Vikram,Kumar,IIT Hyderabad,Delhi,19,Photography,Cycling,Football
3,priyakumar3,pass3,Priya,Kumar,IIT Madras,Lucknow,18,Music,Cricket,Swimming
411,ishachopra411,pass411,Isha,Chopra,IIT Bhubaneswar,Jaipur,19,Coding,Painting,Music
2,priyamehta2,pass2,Priya,Mehta,IIT Roorkee,Lucknow,23,Swimming,Painting,Traveling
410,ishaverma410,pass410,Isha,Verma,IIT Madras,Hyderabad,20,Reading,Traveling,Football
1,ishareddy1,pass1,Isha,Reddy,IIT Bhubaneswar,Jaipur,20,Painting,Football,Cricket
409,vikramverma409,pass409,Vikram,Verma,IIT Roorkee,Lucknow,20,Coding,Music,Football
92,nehakumar92,pass92,Neha,Kumar,IIT Bombay,Bangalore,22,Football,Cycling,Painting
93,ishaverma93,pass93,Isha,Verma,IIT Madras,Kolkata,18,Music,Painting,Coding
94,vikramkapoor94,pass94,Vikram,Kapoor,IIT Roorkee,Chennai,18,Music,Football,Coding
95,ishaverma95,pass95,Isha,Verma,IIT Guwahati,Pune,18,Cycling,Cricket,Football
96,arjunsharma96,pass96,Arjun,Sharma,IIT Madras,Mumbai,20,Reading,Music,Cricket
199,ananyakumar199,pass199,Ananya,Kumar,IIT Guwahati,Hyderabad,23,Traveling,Reading,Cycling
200,sanyasingh200,pass200,Sanya,Singh,IIT Indore,Lucknow,21,Swimming,Traveling,Photography
201,ananyareddy201,pass201,Ananya,Reddy,IIT Guwahati,Lucknow,23,Coding,Cycling,Football
202,vikrammehta202,pass202,Vikram,Mehta,IIT Roorkee,Pune,20,Cricket,Cycling,Football
203,rahulmehta203,pass203,Rahul,Mehta,IIT Hyderabad,Chennai,20,Music,Photography,Coding
204,rohitgupta204,pass204,Rohit,Gupta,IIT Roorkee,Jaipur,22,Swimming,Cycling,Photography
205,ishamehta205,pass205,Isha,Mehta,IIT Delhi,Bangalore,23,Football,Traveling,Cricket
206,priyapatel206,pass206,Priya,Patel,IIT Bombay,Bangalore,21,Cricket,Traveling,Football
207,rahulsingh207,pass207,Rahul,Singh,IIT Guwahati,Jaipur,18,Painting,Reading,Coding
208,nehakumar208,pass208,Neha,Kumar,IIT Delhi,Delhi,20,Swimming,Cycling,Football
209,arjunverma209,pass209,Arjun,Verma,IIT Indore,Chennai,20,Photography,Painting,Cricket
210,rahulkumar210,pass210,Rahul,Kumar,IIT Bhubaneswar,Pune,18,Football,Coding,Painting
211,arjunreddy211,pass211,Arjun,Reddy,IIT Roorkee,Mumbai,18,Painting,Cycling,Football
212,priyaverma212,pass212,Priya,Verma,IIT Indore,Pune,22,Painting,Swimming,Cycling
213,priyachopra213,pass213,Priya,Chopra,IIT Roorkee,Hyderabad,21,Cycling,Reading,Swimming
214,arjunsingh214,pass214,Arjun,Singh,IIT Kharagpur,Jaipur,20,Photography,Cricket,Painting
215,rahulgupta215,pass215,Rahul,Gupta,IIT Madras,Delhi,22,Music,Painting,Traveling
216,rohitkapoor216,pass216,Rohit,Kapoor,IIT Madras,Mumbai,22,Coding,Reading,Cycling
217,akashverma217,pass217,Akash,Verma,IIT Kanpur,Delhi,20,Painting,Cricket,Swimming
218,vikramgupta218,pass218,Vikram,Gupta,IIT Kanpur,Jaipur,20,Painting,Football,Swimming
219,arjunverma219,pass219,Arjun,Verma,IIT Hyderabad,Kolkata,20,Cricket,Coding,Music
220,priyasharma220,pass220,Priya,Sharma,IIT Bombay,Mumbai,23,Football,Photography,Reading
221,akashsingh221,pass221,Akash,Singh,IIT Roorkee,Bangalore,21,Painting,Cycling,Swimming
222,priyasingh222,pass222,Priya,Singh,IIT Bombay,Kolkata,21,Coding,Photography,Music
223,ananyachopra223,pass223,Ananya,Chopra,IIT Guwahati,Bangalore,23,Painting,Coding,Swimming
224,rahulkapoor224,pass224,Rahul,Kapoor,IIT Bhubaneswar,Delhi,20,Cycling,Coding,Music
225,ishasingh225,pass225,Isha,Singh,IIT Hyderabad,Bangalore,22,Traveling,Photography,Football
226,ananyakumar226,pass226,Ananya,Kumar,IIT Delhi,Bangalore,22,Traveling,Music,Swimming
227,ishareddy227,pass227,Isha,Reddy,IIT Indore,Delhi,18,Cycling,Music,Swimming
228,arjunmehta228,pass228,Arjun,Mehta,IIT Kanpur,Bangalore,20,Swimming,Photography,Coding
229,ishagupta229,pass229,Isha,Gupta,IIT Kharagpur,Delhi,18,Football,Coding,Music
230,rahulgupta230,pass230,Rahul,Gupta,IIT Madras,Hyderabad,20,Painting,Cycling,Music
231,vikramsharma231,pass231,Vikram,Sharma,IIT Bombay,Delhi,19,Swimming,Reading,Football
232,priyapatel232,pass232,Priya,Patel,IIT Roorkee,Kolkata,21,Music,Swimming,Traveling
233,rahulkapoor233,pass233,Rahul,Kapoor,IIT Hyderabad,Lucknow,18,Photography,Traveling,Cricket
234,akashgupta234,pass234,Akash,Gupta,IIT Guwahati,Jaipur,23,Music,Painting,Swimming
235,arjunkapoor235,pass235,Arjun,Kapoor,IIT Madras,Lucknow,19,Traveling,Cycling,Cricket
236,vikrammehta236,pass236,Vikram,Mehta,IIT Roorkee,Delhi,23,Cricket,Cycling,Music
237,sanyachopra237,pass237,Sanya,Chopra,IIT Roorkee,Delhi,20,Football,Cricket,Music
238,priyasingh238,pass238,Priya,Singh,IIT Kharagpur,Bangalore,23,Traveling,Cricket,Music
239,ananyasingh239,pass239,Ananya,Singh,IIT Delhi,Kolkata,23,Music,Football,Painting
240,sanyasingh240,pass240,Sanya,Singh,IIT Bhubaneswar,Hyderabad,19,Swimming,Music,Traveling
241,ananyaverma241,pass241,Ananya,Verma,IIT Indore,Hyderabad,18,Cycling,Football,Traveling
242,rohitmehta242,pass242,Rohit,Mehta,IIT Bhubaneswar,Mumbai,18,Swimming,Photography,Painting
243,ishaverma243,pass243,Isha,Verma,IIT Bhubaneswar,Delhi,21,Painting,Music,Cycling
244,rahulsingh244,pass244,Rahul,Singh,IIT Guwahati,Hyderabad,18,Football,Swimming,Cycling
245,akashpatel245,pass245,Akash,Patel,IIT Indore,Hyderabad,19,Football,Cycling,Reading
246,rohitsharma246,pass246,Rohit,Sharma,IIT Indore,Pune,20,Cycling,Traveling,Football
247,ananyakumar247,pass247,Ananya,Kumar,IIT Bombay,Hyderabad,19,Coding,Painting,Photography
248,arjunsingh248,pass248,Arjun,Singh,IIT Bombay,Ahmedabad,19,Traveling,Cycling,Photography
249,rohitkapoor249,pass249,Rohit,Kapoor,IIT Guwahati,Pune,23,Cycling,Painting,Football
250,arjunkapoor250,pass250,Arjun,Kapoor,IIT Guwahati,Jaipur,22,Painting,Coding,Cricket
251,vikramkapoor251,pass251,Vikram,Kapoor,IIT Kharagpur,Chennai,22,Swimming,Coding,Photography
252,rahulreddy252,pass252,Rahul,Reddy,IIT Hyderabad,Mumbai,18,Painting,Coding,Reading
253,akashsingh253,pass253,Akash,Singh,IIT Guwahati,Mumbai,22,Music,Swimming,Football
254,akashkumar254,pass254,Akash,Kumar,IIT Bhubaneswar,Ahmedabad,20,Painting,Football,Music
255,ananyakumar255,pass255,Ananya,Kumar,IIT Hyderabad,Jaipur,19,Traveling,Football,Coding
256,nehakumar256,pass256,Neha,Kumar,IIT Guwahati,Lucknow,23,Football,Photography,Music
257,ishapatel257,pass257,Isha,Patel,IIT Kanpur,Bangalore,19,Photography,Cycling,Painting
258,ishagupta258,pass258,Isha,Gupta,IIT Roorkee,Hyderabad,20,Music,Cycling,Traveling
259,arjunpatel259,pass259,Arjun,Patel,IIT Madras,Ahmedabad,20,Music,Cycling,Coding
260,vikramsharma260,pass260,Vikram,Sharma,IIT Madras,Jaipur,21,Swimming,Cricket,Painting
261,arjunkumar261,pass261,Arjun,Kumar,IIT Indore,Delhi,21,Reading,Photography,Painting
262,vikramverma262,pass262,Vikram,Verma,IIT Hyderabad,Bangalore,20,Cycling,Football,Music
263,ishakapoor263,pass263,Isha,Kapoor,IIT Bombay,Delhi,22,Music,Cricket,Painting
264,priyareddy264,pass264,Priya,Reddy,IIT Kharagpur,Pune,20,Cycling,Swimming,Cricket
265,sanyachopra265,pass265,Sanya,Chopra,IIT Roorkee,Kolkata,18,Cricket,Traveling,Music
266,rahulgupta266,pass266,Rahul,Gupta,IIT Bhubaneswar,Jaipur,22,Football,Cycling,Photography
267,arjunverma267,pass267,Arjun,Verma,IIT Indore,Chennai,20,Photography,Swimming,Painting
268,sanyamehta268,pass268,Sanya,Mehta,IIT Kanpur,Hyderabad,21,Cricket,Football,Photography
269,arjunsingh269,pass269,Arjun,Singh,IIT Roorkee,Chennai,23,Football,Traveling,Painting
270,rahulsingh270,pass270,Rahul,Singh,IIT Kanpur,Jaipur,19,Football,Coding,Reading
271,nehasingh271,pass271,Neha,Singh,IIT Kanpur,Ahmedabad,21,Photography,Music,Painting
272,rohitmehta272,pass272,Rohit,Mehta,IIT Kanpur,Jaipur,20,Coding,Photography,Painting
273,arjunsharma273,pass273,Arjun,Sharma,IIT Kanpur,Lucknow,22,Cricket,Reading,Photography
274,rohitgupta274,pass274,Rohit,Gupta,IIT Bhubaneswar,Hyderabad,20,Cricket,Traveling,Football
275,rahulkapoor275,pass275,Rahul,Kapoor,IIT Madras,Bangalore,23,Traveling,Reading,Cricket
276,akashgupta276,pass276,Akash,Gupta,IIT Hyderabad,Ahmedabad,19,Cricket,Painting,Coding
277,akashpatel277,pass277,Akash,Patel,IIT Kanpur,Delhi,22,Traveling,Music,Painting
278,nehasharma278,pass278,Neha,Sharma,IIT Kanpur,Hyderabad,20,Photography,Football,Cycling
279,ishakapoor279,pass279,Isha,Kapoor,IIT Indore,Delhi,21,Swimming,Reading,Coding
280,nehamehta280,pass280,Neha,Mehta,IIT Bombay,Delhi,22,Swimming,Coding,Cycling
281,sanyagupta281,pass281,Sanya,Gupta,IIT Bombay,Jaipur,18,Cricket,Football,Reading
282,vikramkumar282,pass282,Vikram,Kumar,IIT Indore,Chennai,21,Traveling,Football,Painting
283,nehasingh283,pass283,Neha,Singh,IIT Roorkee,Hyderabad,20,Reading,Painting,Coding
284,nehareddy284,pass284,Neha,Reddy,IIT Delhi,Chennai,19,Reading,Swimming,Photography
285,akashkumar285,pass285,Akash,Kumar,IIT Guwahati,Bangalore,21,Coding,Painting,Photography
286,vikramsingh286,pass286,Vikram,Singh,IIT Guwahati,Kolkata,21,Painting,Coding,Traveling
287,ishakumar287,pass287,Isha,Kumar,IIT Kharagpur,Delhi,22,Swimming,Traveling,Cricket
288,sanyachopra288,pass288,Sanya,Chopra,IIT Guwahati,Kolkata,23,Reading,Painting,Cricket
289,ishasharma289,pass289,Isha,Sharma,IIT Hyderabad,Delhi,20,Painting,Football,Traveling
290,priyachopra290,pass290,Priya,Chopra,IIT Bhubaneswar,Delhi,22,Music,Reading,Cricket
291,priyakapoor291,pass291,Priya,Kapoor,IIT Kharagpur,Pune,23,Photography,Football,Swimming
292,priyakumar292,pass292,Priya,Kumar,IIT Indore,Ahmedabad,18,Traveling,Music,Cycling
293,vikramchopra293,pass293,Vikram,Chopra,IIT Delhi,Jaipur,18,Cycling,Traveling,Photography
294,sanyasingh294,pass294,Sanya,Singh,IIT Hyderabad,Lucknow,22,Football,Coding,Reading
295,vikramsharma295,pass295,Vikram,Sharma,IIT Madras,Jaipur,18,Painting,Coding,Reading
296,sanyakumar296,pass296,Sanya,Kumar,IIT Delhi,Chennai,23,Reading,Swimming,Music
297,sanyasingh297,pass297,Sanya,Singh,IIT Kanpur,Lucknow,23,Photography,Reading,Music
298,vikramreddy298,pass298,Vikram,Reddy,IIT Hyderabad,Hyderabad,20,Cricket,Reading,Traveling
299,rahulsharma299,pass299,Rahul,Sharma,IIT Madras,Lucknow,20,Swimming,Painting,Cricket
300,arjungupta300,pass300,Arjun,Gupta,IIT Delhi,Jaipur,22,Coding,Photography,Cricket
301,ananyakapoor301,pass301,Ananya,Kapoor,IIT Indore,Chennai,22,Cricket,Cycling,Reading
302,sanyakumar302,pass302,Sanya,Kumar,IIT Bombay,Pune,21,Photography,Swimming,Coding
303,rahulchopra303,pass303,Rahul,Chopra,IIT Madras,Delhi,18,Reading,Coding,Football
304,rohitkapoor304,pass304,Rohit,Kapoor,IIT Roorkee,Kolkata,21,Coding,Football,Traveling
305,sanyapatel305,pass305,Sanya,Patel,IIT Hyderabad,Ahmedabad,19,Cricket,Traveling,Painting
306,akashsingh306,pass306,Akash,Singh,IIT Madras,Kolkata,18,Music,Photography,Traveling
307,rohitgupta307,pass307,Rohit,Gupta,IIT Delhi,Chennai,23,Traveling,Cricket,Football
308,akashkapoor308,pass308,Akash,Kapoor,IIT Hyderabad,Mumbai,22,Reading,Cricket,Football
309,akashchopra309,pass309,Akash,Chopra,IIT Delhi,Kolkata,23,Painting,Coding,Photography
310,priyasingh310,pass310,Priya,Singh,IIT Guwahati,Kolkata,20,Coding,Cycling,Music
311,rahulgupta311,pass311,Rahul,Gupta,IIT Delhi,Ahmedabad,19,Reading,Music,Coding
312,rahulgupta312,pass312,Rahul,Gupta,IIT Hyderabad,Bangalore,23,Traveling,Swimming,Reading
313,rohitkapoor313,pass313,Rohit,Kapoor,IIT Guwahati,Hyderabad,20,Reading,Swimming,Cricket
314,rahulchopra314,pass314,Rahul,Chopra,IIT Roorkee,Lucknow,23,Cricket,Swimming,Football
315,priyareddy315,pass315,Priya,Reddy,IIT Madras,Mumbai,20,Traveling,Football,Music
316,rohitverma316,pass316,Rohit,Verma,IIT Bombay,Delhi,22,Traveling,Music,Photography
